{
  "caseBaseOrderId": null,
  "casePhysicianOrderId": 704,
  "moduleId": 1030,
  "orderType": "MEDICATION",
  "medicationOrder": {
    "caseBaseOrderId": null,
    "medicationName": "Advocate Test Strips",
    "externalIdentifier": null,
    "templateName": "US170564_2",
    "templateId": 1597,
    "dose": null,
    "unit": null,
    "route": null,
    "site": null,
    "notes": null,
    "compoundMedicationTf": false,
    "dispensableDrugId": "551074",
    "medicationOrderCompounds": [],
    "defaultETCID": "3510",
    "defaultETCDesc": "Medical Supplies and DME - Blood Glucose Tests"
  },
  "textOrder": null,
  "approveTf": null,
  "nursingOrderTf": true,
  "sortOrder": 0,
  "readById": null,
  "readByDate": null,
  "signedBy": null,
  "signedUser": null,
  "signedDate": null,
  "addedTf": null,
  "modifiedTf": null,
  "isSelected": false,
  "isShowDone": false,
  "administrationDate": null,
  "acknowledgeOrders": null,
  "administeredOrders": null,
  "isTextOrder": null,
  "isMedication": null,
  "isExpanded": false,
  "lastAdministeredMedication": null,
  "qtyWasted": null
}