{
    "preferenceCardId": 5543,
    "preferenceCardName": "preference1234",
    "caseSpecialtyId": 4,
    "caseSpecialtyName": "Eye",
    "appointmentTypeId": 20,
    "anesthesiaTypeId": 946,
    "anesthesiaTypeName": "AnesthesiaSC2118_4",
    "physicianId": null,
    "feeSchedules": [],
    "duration": null,
    "notes": null,
    "cleanUpTime": null,
    "organizationId": 42,
    "consents": [],
    "dischargeInstructions": [],
    "orders": null,
    "opnotes": null,
    "isSpecialtyModilfied": true,
    "isPhysianModilfied": false,
    "isCreateNewCopy": false,
    "worklistTemplates": [],
    "implantProstheses": [],
    "equipment": null,
    "suppliesInstruments": [],
    "sourceIdentifier": "00000000-0000-0000-0000-000000000000"
}