[
    {
        "unableToCode": false,
        "panelCollapsed": false,
        "diagnosisList": [
            {
                "diagnosisPerformedCaseProcedureMapId": 1040,
                "diagnosisId": 7249,
                "sortOrder": 0,
                "dictionaryItem": {
                    "visibility": 0,
                    "id": 0,
                    "dictionary": null,
                    "dictionaryId": 0,
                    "value": "Unspecified purulent endophthalmitis, right eye",
                    "quickCode": "H44.001",
                    "active": false,
                    "searchString": null,
                    "pageNumber": null,
                    "organizationId": null,
                    "includeInactive": false,
                    "aoDictionaryTf": false,
                    "showInClinicalTf": false,
                    "dontFilterByOrganization": false,
                    "onlyClinical": false,
                    "order": 0,
                    "additional": null,
                    "sourceIdentifier": "00000000-0000-0000-0000-000000000000"
                },
                "sourceIdentifier": "00000000-0000-0000-0000-000000000000"
            }
        ],
        "primaryInsurancesList": [],
        "secondaryInsurancesList": [],
        "tertiaryInsurancesList": [],
        "controlsModifiedInEditChargeMode": true,
        "fullChargeCorrectionRequired": null,
        "generateBillStateModified": false,
        "performedCaseSupply": null,
        "selectedSupplyToInventory": null,
        "isReadOnlyPeriodBatch": false,
        "resetClosedPeriodBatch": false,
        "isNewProcedureAdded": false,
        "isAmountChanged": false,
        "insuranceModification": 0,
        "guarantorModification": 0,
        "isGCode": false,
        "isCombinedCodingChargeEntry": false,
        "isCorrected": false,
        "diagnosisCodesRemoved": false,
        "guid": "17134716-6dd0-4000-8fa0-7c58b42a1000",
        "eventSource": "DoneBtn",
        "performedCaseProcedureId": 1003,
        "dateOfSurgery": null,
        "caseSummaryId": 43884,
        "caseProcedureId": 3733,
        "cptProcedureId": 9775,
        "providerId": 10,
        "referingProviderId": null,
        "units": 1,
        "allowedAmount": null,
        "generateBill": true,
        "cptModifier1Id": null,
        "cptModifier2Id": null,
        "cptModifier3Id": null,
        "cptModifier4Id": null,
        "sortorder": 0,
        "physicianName": "sis  Gem_user10, Dr",
        "referingProviderName": null,
        "feeScheduleId": 3526,
        "cptProcedureDescription": "STRAPPING HIP",
        "cptCode": "29520",
        "appointmentId": 0,
        "selfPay": false,
        "patientId": 46435,
        "workersCompensation": false,
        "transactionList": [
            {
                "chargeDetails": {
                    "peformedCaseProcedureId": 1003,
                    "balance": 800,
                    "actualBalance": null,
                    "chargeEntryLevelTransactionsAmount": 0,
                    "typeOfBill": "0831",
                    "sourceOfRevenueId": null,
                    "selfPay": false,
                    "workersCompensation": false,
                    "revenueCodeId": 248,
                    "revenueCode": null,
                    "transactionId": 0,
                    "deductibleAmount": null,
                    "coInsuranceAmount": null,
                    "coPaymentAmount": null,
                    "billId": null,
                    "corrected": false,
                    "generateBill": false,
                    "generateBillStateModified": false,
                    "patientResponsibilityCoPayments": null,
                    "sourceIdentifier": "00000000-0000-0000-0000-000000000000"
                },
                "writeOffDetails": null,
                "paymentDetails": null,
                "transactionId": 0,
                "periodId": 18140,
                "batchId": 19652,
                "batchDescription": "batch_10",
                "createdDate": "0001-01-01T00:00:00+00:00",
                "createdUserId": 0,
                "postedDate": null,
                "transactionDate": null,
                "amount": "800.00",
                "transactionTypeId": 1,
                "transactionCodeId": null,
                "transactionParentId": 0,
                "transactionRootId": 0,
                "transactionResponsiblePartyId": null,
                "currentResponsiblePartyId": null,
                "currentResponsiblePartyType": null,
                "transactionResponsiblePartyName": null,
                "batchIsActive": false,
                "notes": null,
                "unassignedPaymentDetail": null,
                "paymentAllocationDetail": null,
                "isDeleted": false,
                "isPaymentTransfer": false,
                "transactionCodeName": null,
                "receivedFrom": null,
                "isEditable": null,
                "lastModifiedAmount": null,
                "contractProcedureId": null,
                "creatorId": 0,
                "checkInPaymentId": null,
                "batchCloserUserId": null,
                "periodCloserUserId": null,
                "periodName": null,
                "transferTo": null,
                "impactedTransactions": null,
                "sourceIdentifier": "00000000-0000-0000-0000-000000000000",
                "isHidden": false,
                "period": {
                    "periodId": 18140,
                    "organizationId": 42,
                    "periodName": "A_2018",
                    "periodCreatedDate": "2017-11-02T00:00:00+00:00",
                    "periodClosedDate": null,
                    "periodCreatorUsrId": 12,
                    "openedBy": "Gem_user12, sis ",
                    "closedBy": null,
                    "periodCloserUsrId": null,
                    "periodBeginDate": "2017-11-01T00:00:00+00:00",
                    "periodEndDate": "2017-11-30T00:00:00+00:00",
                    "batches": [
                        {
                            "batchId": 19643,
                            "periodId": 18140,
                            "batchDescription": "batch_1",
                            "batchCreatedDate": "2017-11-02T00:00:00+00:00",
                            "batchClosedDate": null,
                            "batchCreatorUsrId": 3,
                            "batchCloserUsrId": null,
                            "isActive": true,
                            "openCases": 0,
                            "sourceIdentifier": "00000000-0000-0000-0000-000000000000",
                            "value": 19643,
                            "label": "batch_1"
                        },
                        {
                            "batchId": 19644,
                            "periodId": 18140,
                            "batchDescription": "batch_2",
                            "batchCreatedDate": "2017-11-02T00:00:00+00:00",
                            "batchClosedDate": null,
                            "batchCreatorUsrId": 3,
                            "batchCloserUsrId": null,
                            "isActive": true,
                            "openCases": 0,
                            "sourceIdentifier": "00000000-0000-0000-0000-000000000000",
                            "value": 19644,
                            "label": "batch_2"
                        },
                        {
                            "batchId": 19645,
                            "periodId": 18140,
                            "batchDescription": "batch_3",
                            "batchCreatedDate": "2017-11-02T00:00:00+00:00",
                            "batchClosedDate": null,
                            "batchCreatorUsrId": 3,
                            "batchCloserUsrId": null,
                            "isActive": true,
                            "openCases": 0,
                            "sourceIdentifier": "00000000-0000-0000-0000-000000000000",
                            "value": 19645,
                            "label": "batch_3"
                        },
                        {
                            "batchId": 19646,
                            "periodId": 18140,
                            "batchDescription": "batch_4",
                            "batchCreatedDate": "2017-11-02T00:00:00+00:00",
                            "batchClosedDate": null,
                            "batchCreatorUsrId": 3,
                            "batchCloserUsrId": null,
                            "isActive": true,
                            "openCases": 0,
                            "sourceIdentifier": "00000000-0000-0000-0000-000000000000",
                            "value": 19646,
                            "label": "batch_4"
                        },
                        {
                            "batchId": 19647,
                            "periodId": 18140,
                            "batchDescription": "batch_5",
                            "batchCreatedDate": "2017-11-02T00:00:00+00:00",
                            "batchClosedDate": null,
                            "batchCreatorUsrId": 3,
                            "batchCloserUsrId": null,
                            "isActive": true,
                            "openCases": 0,
                            "sourceIdentifier": "00000000-0000-0000-0000-000000000000",
                            "value": 19647,
                            "label": "batch_5"
                        },
                        {
                            "batchId": 19648,
                            "periodId": 18140,
                            "batchDescription": "batch_6",
                            "batchCreatedDate": "2017-11-02T00:00:00+00:00",
                            "batchClosedDate": null,
                            "batchCreatorUsrId": 3,
                            "batchCloserUsrId": null,
                            "isActive": true,
                            "openCases": 0,
                            "sourceIdentifier": "00000000-0000-0000-0000-000000000000",
                            "value": 19648,
                            "label": "batch_6"
                        },
                        {
                            "batchId": 19649,
                            "periodId": 18140,
                            "batchDescription": "batch_7",
                            "batchCreatedDate": "2017-11-02T00:00:00+00:00",
                            "batchClosedDate": null,
                            "batchCreatorUsrId": 3,
                            "batchCloserUsrId": null,
                            "isActive": true,
                            "openCases": 0,
                            "sourceIdentifier": "00000000-0000-0000-0000-000000000000",
                            "value": 19649,
                            "label": "batch_7"
                        },
                        {
                            "batchId": 19650,
                            "periodId": 18140,
                            "batchDescription": "batch_8",
                            "batchCreatedDate": "2017-11-02T00:00:00+00:00",
                            "batchClosedDate": null,
                            "batchCreatorUsrId": 3,
                            "batchCloserUsrId": null,
                            "isActive": true,
                            "openCases": 0,
                            "sourceIdentifier": "00000000-0000-0000-0000-000000000000",
                            "value": 19650,
                            "label": "batch_8"
                        },
                        {
                            "batchId": 19651,
                            "periodId": 18140,
                            "batchDescription": "batch_9",
                            "batchCreatedDate": "2017-11-02T00:00:00+00:00",
                            "batchClosedDate": null,
                            "batchCreatorUsrId": 3,
                            "batchCloserUsrId": null,
                            "isActive": true,
                            "openCases": 0,
                            "sourceIdentifier": "00000000-0000-0000-0000-000000000000",
                            "value": 19651,
                            "label": "batch_9"
                        },
                        {
                            "batchId": 19652,
                            "periodId": 18140,
                            "batchDescription": "batch_10",
                            "batchCreatedDate": "2017-11-02T00:00:00+00:00",
                            "batchClosedDate": null,
                            "batchCreatorUsrId": 3,
                            "batchCloserUsrId": null,
                            "isActive": true,
                            "openCases": 0,
                            "sourceIdentifier": "00000000-0000-0000-0000-000000000000",
                            "value": 19652,
                            "label": "batch_10"
                        }
                    ],
                    "isActive": true,
                    "sourceIdentifier": "00000000-0000-0000-0000-000000000000"
                },
                "batch": {
                    "batchId": 19652,
                    "periodId": 18140,
                    "batchDescription": "batch_10",
                    "batchCreatedDate": "2017-11-02T00:00:00+00:00",
                    "batchClosedDate": null,
                    "batchCreatorUsrId": 3,
                    "batchCloserUsrId": null,
                    "isActive": true,
                    "openCases": 0,
                    "sourceIdentifier": "00000000-0000-0000-0000-000000000000",
                    "value": 19652,
                    "label": "batch_10"
                }
            }
        ],
       "chargeEntryPatientInsMap": [],
        "chargeAutoCorrected": false,
        "preopDiagnosisList": [],
        "performedCaseItemTypeId": 0,
        "lastBilledDate": null,
        "feeScheduleItem": {
            "feeScheduleId": 3526,
            "procedure": "STRAPPING HIP",
            "organizationId": 42,
            "cptProcedureId": 9775,
            "cptProcedure": null,
            "modifiedProcedureDescription": "29520; STRAPPING HIP",
            "status": "Billable",
            "amount": 600,
            "effectiveDate": "2020-02-18T00:00:00+00:00",
            "feeScheduleHistoryId": 6439,
            "feeScheduleRootId": 398,
            "activeTf": true,
            "isIncludeStateReportTf": true,
            "sourceIdentifier": "00000000-0000-0000-0000-000000000000"
        },
        "isCaseProcedureSelfPay": false,
        "sourceIdentifier": "00000000-0000-0000-0000-000000000000",
        "chargeTransactionIndex": 0,
        "chargeTransaction": {
            "chargeDetails": {
                "peformedCaseProcedureId": 1003,
                "balance": 800,
                "actualBalance": null,
                "chargeEntryLevelTransactionsAmount": 0,
                "typeOfBill": "0831",
                "sourceOfRevenueId": null,
                "selfPay": false,
                "workersCompensation": false,
                "revenueCodeId": 248,
                "revenueCode": null,
                "transactionId": 0,
                "deductibleAmount": null,
                "coInsuranceAmount": null,
                "coPaymentAmount": null,
                "billId": null,
                "corrected": false,
                "generateBill": false,
                "generateBillStateModified": false,
                "patientResponsibilityCoPayments": null,
                "sourceIdentifier": "00000000-0000-0000-0000-000000000000"
            },
            "writeOffDetails": null,
            "paymentDetails": null,
            "transactionId": 0,
            "periodId": 18140,
            "batchId": 19652,
            "batchDescription": "batch_10",
            "createdDate": "0001-01-01T00:00:00+00:00",
            "createdUserId": 0,
            "postedDate": null,
            "transactionDate": null,
            "amount": "800.00",
            "transactionTypeId": 1,
            "transactionCodeId": null,
            "transactionParentId": 0,
            "transactionRootId": 0,
            "transactionResponsiblePartyId": null,
            "currentResponsiblePartyId": null,
            "currentResponsiblePartyType": null,
            "transactionResponsiblePartyName": null,
            "batchIsActive": false,
            "notes": null,
            "unassignedPaymentDetail": null,
            "paymentAllocationDetail": null,
            "isDeleted": false,
            "isPaymentTransfer": false,
            "transactionCodeName": null,
            "receivedFrom": null,
            "isEditable": null,
            "lastModifiedAmount": null,
            "contractProcedureId": null,
            "creatorId": 0,
            "checkInPaymentId": null,
            "batchCloserUserId": null,
            "periodCloserUserId": null,
            "periodName": null,
            "transferTo": null,
            "impactedTransactions": null,
            "sourceIdentifier": "00000000-0000-0000-0000-000000000000",
            "isHidden": false,
            "period": {
                "periodId": 18140,
                "organizationId": 42,
                "periodName": "A_2018",
                "periodCreatedDate": "2017-11-02T00:00:00+00:00",
                "periodClosedDate": null,
                "periodCreatorUsrId": 12,
                "openedBy": "Gem_user12, sis ",
                "closedBy": null,
                "periodCloserUsrId": null,
                "periodBeginDate": "2017-11-01T00:00:00+00:00",
                "periodEndDate": "2017-11-30T00:00:00+00:00",
                "batches": [
                    {
                        "batchId": 19643,
                        "periodId": 18140,
                        "batchDescription": "batch_1",
                        "batchCreatedDate": "2017-11-02T00:00:00+00:00",
                        "batchClosedDate": null,
                        "batchCreatorUsrId": 3,
                        "batchCloserUsrId": null,
                        "isActive": true,
                        "openCases": 0,
                        "sourceIdentifier": "00000000-0000-0000-0000-000000000000",
                        "value": 19643,
                        "label": "batch_1"
                    },
                    {
                        "batchId": 19644,
                        "periodId": 18140,
                        "batchDescription": "batch_2",
                        "batchCreatedDate": "2017-11-02T00:00:00+00:00",
                        "batchClosedDate": null,
                        "batchCreatorUsrId": 3,
                        "batchCloserUsrId": null,
                        "isActive": true,
                        "openCases": 0,
                        "sourceIdentifier": "00000000-0000-0000-0000-000000000000",
                        "value": 19644,
                        "label": "batch_2"
                    },
                    {
                        "batchId": 19645,
                        "periodId": 18140,
                        "batchDescription": "batch_3",
                        "batchCreatedDate": "2017-11-02T00:00:00+00:00",
                        "batchClosedDate": null,
                        "batchCreatorUsrId": 3,
                        "batchCloserUsrId": null,
                        "isActive": true,
                        "openCases": 0,
                        "sourceIdentifier": "00000000-0000-0000-0000-000000000000",
                        "value": 19645,
                        "label": "batch_3"
                    },
                    {
                        "batchId": 19646,
                        "periodId": 18140,
                        "batchDescription": "batch_4",
                        "batchCreatedDate": "2017-11-02T00:00:00+00:00",
                        "batchClosedDate": null,
                        "batchCreatorUsrId": 3,
                        "batchCloserUsrId": null,
                        "isActive": true,
                        "openCases": 0,
                        "sourceIdentifier": "00000000-0000-0000-0000-000000000000",
                        "value": 19646,
                        "label": "batch_4"
                    },
                    {
                        "batchId": 19647,
                        "periodId": 18140,
                        "batchDescription": "batch_5",
                        "batchCreatedDate": "2017-11-02T00:00:00+00:00",
                        "batchClosedDate": null,
                        "batchCreatorUsrId": 3,
                        "batchCloserUsrId": null,
                        "isActive": true,
                        "openCases": 0,
                        "sourceIdentifier": "00000000-0000-0000-0000-000000000000",
                        "value": 19647,
                        "label": "batch_5"
                    },
                    {
                        "batchId": 19648,
                        "periodId": 18140,
                        "batchDescription": "batch_6",
                        "batchCreatedDate": "2017-11-02T00:00:00+00:00",
                        "batchClosedDate": null,
                        "batchCreatorUsrId": 3,
                        "batchCloserUsrId": null,
                        "isActive": true,
                        "openCases": 0,
                        "sourceIdentifier": "00000000-0000-0000-0000-000000000000",
                        "value": 19648,
                        "label": "batch_6"
                    },
                    {
                        "batchId": 19649,
                        "periodId": 18140,
                        "batchDescription": "batch_7",
                        "batchCreatedDate": "2017-11-02T00:00:00+00:00",
                        "batchClosedDate": null,
                        "batchCreatorUsrId": 3,
                        "batchCloserUsrId": null,
                        "isActive": true,
                        "openCases": 0,
                        "sourceIdentifier": "00000000-0000-0000-0000-000000000000",
                        "value": 19649,
                        "label": "batch_7"
                    },
                    {
                        "batchId": 19650,
                        "periodId": 18140,
                        "batchDescription": "batch_8",
                        "batchCreatedDate": "2017-11-02T00:00:00+00:00",
                        "batchClosedDate": null,
                        "batchCreatorUsrId": 3,
                        "batchCloserUsrId": null,
                        "isActive": true,
                        "openCases": 0,
                        "sourceIdentifier": "00000000-0000-0000-0000-000000000000",
                        "value": 19650,
                        "label": "batch_8"
                    },
                    {
                        "batchId": 19651,
                        "periodId": 18140,
                        "batchDescription": "batch_9",
                        "batchCreatedDate": "2017-11-02T00:00:00+00:00",
                        "batchClosedDate": null,
                        "batchCreatorUsrId": 3,
                        "batchCloserUsrId": null,
                        "isActive": true,
                        "openCases": 0,
                        "sourceIdentifier": "00000000-0000-0000-0000-000000000000",
                        "value": 19651,
                        "label": "batch_9"
                    },
                    {
                        "batchId": 19652,
                        "periodId": 18140,
                        "batchDescription": "batch_10",
                        "batchCreatedDate": "2017-11-02T00:00:00+00:00",
                        "batchClosedDate": null,
                        "batchCreatorUsrId": 3,
                        "batchCloserUsrId": null,
                        "isActive": true,
                        "openCases": 0,
                        "sourceIdentifier": "00000000-0000-0000-0000-000000000000",
                        "value": 19652,
                        "label": "batch_10"
                    }
                ],
                "isActive": true,
                "sourceIdentifier": "00000000-0000-0000-0000-000000000000"
            },
            "batch": {
                "batchId": 19652,
                "periodId": 18140,
                "batchDescription": "batch_10",
                "batchCreatedDate": "2017-11-02T00:00:00+00:00",
                "batchClosedDate": null,
                "batchCreatorUsrId": 3,
                "batchCloserUsrId": null,
                "isActive": true,
                "openCases": 0,
                "sourceIdentifier": "00000000-0000-0000-0000-000000000000",
                "value": 19652,
                "label": "batch_10"
            }
        },
        "debitTransaction": {
            "amount": 0,
            "isDeleted": false,
            "lastModifiedAmount": 0,
            "isHidden": false,
            "transactionTypeId": 6
        },
        "writeOffList": [],
        "periodBatch": {
            "periodId": 0,
            "periodName": null,
            "isActive": true
        },
        "batch": {
            "batchId": 19652,
            "periodId": 18140,
            "batchDescription": "batch_10",
            "batchCreatedDate": "2017-11-02T00:00:00+00:00",
            "batchClosedDate": null,
            "batchCreatorUsrId": 3,
            "batchCloserUsrId": null,
            "isActive": true,
            "openCases": 0,
            "sourceIdentifier": "00000000-0000-0000-0000-000000000000",
            "value": 19652,
            "label": "batch_10"
        },
        "primaryInsuranceId": 28464
    }
]