{
  "compoundTf": false,
  "titratedTf": true,
  "medicationTemplateItemList": [],
  "medicationTemplateTitratedInfo": {
    "totalUnitId": 9,
    "totalUnit": "g",
    "bolusDose": "10",
    "infusionRate": "5"
  },
  "medication": "Accu-Chek SmartView Test Strips",
  "medicationTemplateCasePackMapList": [
    {
      "casePackId": 4
    }
  ],
  "medicationTemplateModuleMapList": [
    {
      "moduleId": 1030
    }
  ],
  "selectedDispensableDrug": {
    "dispensableDrugID": 570309,
    "dispensableDrugDesc": "Accu-Chek SmartView Test Strips",
    "dispensableGenericID": 6373,
    "dispensableGenericDesc": "blood sugar diagnostic MISCELLANEOUS Strip",
    "routeID": 201,
    "routeDesc": "miscellaneous",
    "medStrength": null,
    "medStrengthUnit": null,
    "doseFormID": 277,
    "doseFormDesc": "Strip",
    "medRouteDesc": null,
    "drugNameID": 167625,
    "drugNameDesc": "Accu-Chek SmartView Test Strip",
    "nameTypeCode": 1,
    "nameTypeCodeDesc": "Brand Name",
    "statusCode": 0,
    "statusCodeDesc": "Active",
    "defaultETCID": "3510",
    "defaultETCDesc": "Medical Supplies and DME - Blood Glucose Tests"
  },
  "defaultETCID": "3510",
  "defaultETCDesc": "Medical Supplies and DME - Blood Glucose Tests",
  "dispensableDrugId": 570309,
  "templateName": "Accu-Chek SmartView Test Strips",
  "externalName": "Jon Test Medication",
  "externalIdentifier": "ca60584c-8810-47c3-929c-dea7437523a9",
  "externalNumber": "12345678901234567890",
  "administrationDose": "10",
  "usageUnitMeasure": "5"
}