{
  "compoundTf": true,
  "titratedTf": false,
  "medicationTemplateItemList": [
    {
      "selectedDispensableDrug": {
        "dispensableDrugID": 551074,
        "dispensableDrugDesc": "Advocate Test Strips",
        "dispensableGenericID": 6373,
        "dispensableGenericDesc": "blood sugar diagnostic MISCELLANEOUS Strip",
        "routeID": 201,
        "routeDesc": "miscellaneous",
        "medStrength": null,
        "medStrengthUnit": null,
        "doseFormID": 277,
        "doseFormDesc": "Strip",
        "medRouteDesc": null,
        "drugNameID": 114069,
        "drugNameDesc": "Advocate Test Strips",
        "nameTypeCode": 1,
        "nameTypeCodeDesc": "Brand Name",
        "statusCode": 0,
        "statusCodeDesc": "Active",
        "defaultETCID": "3510",
        "defaultETCDesc": "Medical Supplies and DME - Blood Glucose Tests"
      },
      "isError": false,
      "searchword": "Advocate Test Strips",
      "medication": "Advocate Test Strips",
      "dispensableDrugId": 551074,
      "defaultETCID": "3510",
      "defaultETCDesc": "Medical Supplies and DME - Blood Glucose Tests",
      "dose": "10",
      "unitId": 429,
      "unit": "mg",
      "quantitySufficientTf": true
    }
  ],
  "medication": "Advocate Test Strips",
  "medicationTemplateCasePackMapList": [
    {
      "casePackId": 1
    }
  ],
  "medicationTemplateModuleMapList": [
    {
      "moduleId": 1030
    }
  ],
  "selectedDispensableDrug": {
    "dispensableDrugID": 551074,
    "dispensableDrugDesc": "Advocate Test Strips",
    "dispensableGenericID": 6373,
    "dispensableGenericDesc": "blood sugar diagnostic MISCELLANEOUS Strip",
    "routeID": 201,
    "routeDesc": "miscellaneous",
    "medStrength": null,
    "medStrengthUnit": null,
    "doseFormID": 277,
    "doseFormDesc": "Strip",
    "medRouteDesc": null,
    "drugNameID": 114069,
    "drugNameDesc": "Advocate Test Strips",
    "nameTypeCode": 1,
    "nameTypeCodeDesc": "Brand Name",
    "statusCode": 0,
    "statusCodeDesc": "Active",
    "defaultETCID": "3510",
    "defaultETCDesc": "Medical Supplies and DME - Blood Glucose Tests"
  },
  "externalName": "Jon Test Medication",
  "externalIdentifier": "ca60584c-8810-47c3-929c-dea7437523a9",
  "externalNumber": "12345678901234567890",
  "templateName": "Advocate Test Strips",
  "dispensableDrugId": 551074,
  "defaultETCID": "3510",
  "defaultETCDesc": "Medical Supplies and DME - Blood Glucose Tests",
  "dose": "25",
  "unitId": 429,
  "unit": "mg"
}