{
    "defaultPlanTf": true,
    "isInsurancePlanValid": true,
    "previousPhoneValue": "",
    "planName": "BInsurance",
    "primaryEmcPayerid": "066020",
    "classification": "Champus",
    "insuranceCarrierId": 5924,
    "insurancePlanId": 5980,
    "selectedState": "7",
    "generateClaimTf": true,
    "claimOfficeName": "VBIT",
    "address1": "10 street greenfield",
    "city": "NewCity",
    "state": "AZ",
    "zipCode": "12345",
    "extendedZipCode": "0000",
    "contactName": "Jhon",
    "phoneNumber": "3102104100",
    "insurancePlanContractList": [],
    "selectedContracts": [],
    "savedPlanName": null,
    "planType": null,
    "groupInsuranceid": null,
    "secondaryEmcPayerid": null,
    "primaryHpId": null,
    "secondaryHpId": null,
    "acceptAssignmentTf": false,
    "billPrimaryGuarantorTf": false,
    "contract": null,
    "isPlanExist": false,
    "insuranceContractId": null,
    "insurancePlanIds": null,
    "paymentTransactionCodeId": null,
    "paymentTransactionCodeName": null,
    "writeOffTransactionCodeId": null,
    "writeOffTransactionCodeName": null,
    "writeOffGroupId": null,
    "writeOffGroupName": null,
    "writeOffReasonId": null,
    "writeOffReasonName": null,
    "sourceIdentifier": "00000000-0000-0000-0000-000000000000",
    "planHeaderText2": "10 street greenfield",
    "planHeaderText3": "NewCity, AZ undefined-0000"
}