{
  "transaction": {
    "amount": "100",
    "isDeleted": false,
    "lastModifiedAmount": 0,
    "isHidden": false,
    "batchId": 12703,
    "transactionDate": "2020-05-07T08:02:40.133Z",
    "transactionTypeId": 6,
    "transactionParentId": 3859,
    "transactionRootId": 3859,
    "chargeDetails": {
      "peformedCaseProcedureId": 2526,
      "balance": 400,
      "actualBalance": null,
      "chargeEntryLevelTransactionsAmount": null,
      "typeOfBill": "0831",
      "sourceOfRevenueId": null,
      "selfPay": true,
      "workersCompensation": false,
      "revenueCodeId": 248,
      "revenueCode": "0490",
      "transactionId": 3859,
      "deductibleAmount": null,
      "coInsuranceAmount": null,
      "coPaymentAmount": null,
      "billId": null,
      "corrected": false,
      "generateBill": false,
      "generateBillStateModified": false,
      "patientResponsibilityCoPayments": null,
      "sourceIdentifier": "00000000-0000-0000-0000-000000000000"
    },
    "receivedFrom": null,
    "postedDate": "2020-05-07T08:03:04.840Z",
    "createdDate": "2020-05-07T08:03:04.840Z"
  }
}