[
    {
        "isKeySearchEnabled": true,
        "supplyName": "",
        "inventoryNumber": "",
        "sortOrder": 0,
        "pROpen": "0",
        "totalOpen": 0,
        "totalHold": 0,
        "pRHold": "0",
        "oROpen": "0",
        "oRHold": "0",
        "notes": "",
        "preferenceCardId": 4928,
        "quantities": [
            {
                "areaOfCareId": 1020,
                "open": 0,
                "hold": 0
            },
            {
                "areaOfCareId": 1030,
                "open": 0,
                "hold": 0
            }
        ]
    }
]