{
  "$type": "Amkai.MasterDomainModel.ModelExtensions.Organization.Worklist.Questions.TourniquetWorklistQuestion, Amkai.MasterDomainModel",
  "QuestionType": 23,
  "Response": 0,
  "Notes": null,
  "TourniquetEntryList": [
    {
      "TourniquetEntryID": 0,
      "Notes": "",
      "Padded": false,
      "PressureVerified": false,
      "AnesRecord": false,
      "AppliedBy": null,
      "AppliedByText": null,
      "Size": 0,
      "SizeText": null,
      "Site": 0,
      "SiteText": null,
      "SerialNumber": "",
      "PressureEntryList": [
        {
          "Pressure": null,
          "Time": null,
          "IsDiscontinued": false
        }
      ]
    }
  ]
}