{
  "Questions": [
    {
      "$type": "Amkai.MasterDomainModel.ModelExtensions.Organization.Worklist.Questions.ImplantsProsthesisWorklistQuestion, Amkai.MasterDomainModel",
      "QuestionType": 24,
      "Response": 1,
      "Notes": null,
      "ImplantsProsthesisList": []
    },
    {
      "$type": "Amkai.MasterDomainModel.ModelExtensions.Organization.Worklist.Questions.SuppliesInstrumentsWorklistQuestion, Amkai.MasterDomainModel",
      "QuestionType": 35,
      "Response": 1,
      "Notes": null,
      "suppliesInstrumentsList": []
    },
    {
      "$type": "Amkai.MasterDomainModel.ModelExtensions.Organization.Worklist.Questions.NormothermiaWorklistQuestion, Amkai.MasterDomainModel",
      "QuestionType": 20,
      "Response": 0,
      "Notes": null,
      "isNormalRangeMaintained": 0,
      "normothermiaMethod": null,
      "warmingUnitUsedTF": null,
      "warmingUnit": null,
      "warmingUnitText": null,
      "Temperature": null,
      "Location": null,
      "isCelsius": null,
      "NormothermiaDetailsList": null
    },
    {
      "$type": "Amkai.MasterDomainModel.ModelExtensions.Organization.Worklist.Questions.SafetyStrapWorklistQuestion, Amkai.MasterDomainModel",
      "QuestionType": 28,
      "Response": 0,
      "Notes": null,
      "LocationCalfTF": false,
      "LocationThighsTF": false,
      "LocationTorsoTF": false,
      "LocationChestTF": false,
      "LocationArmsTF": false,
      "LocationHipTF": false,
      "AppliedBy": null,
      "AppliedByString": null
    }
  ]
}