{
  "$type": "Amkai.MasterDomainModel.ModelExtensions.Organization.Worklist.Questions.CauteryWorklistQuestion, Amkai.MasterDomainModel",
  "QuestionType": 29,
  "Response": 0,
  "Notes": null,
  "CauteryUnit": null,
  "CauteryUnitId": null,
  "LotNumber": null,
  "MonopolarTF": false,
  "Coag": null,
  "MonopolarCut": null,
  "BlendTF": false,
  "BipolarTF": false,
  "BipolarSetting": null,
  "BipolarCut": null,
  "GroundingPadUsedTF": null,
  "PlacedBy": null,
  "PlacedByText": null,
  "PadSite": null,
  "PadSiteId": null,
  "PadSide": 0,
  "PadLotNumber": null,
  "PadExpiration": null,
  "PreApplicationSiteAssessmentText": null,
  "PostApplicationSiteAssessmentText": null,
  "CauterySiteAssessments": null
}