{
  "$type": "Amkai.MasterDomainModel.ModelExtensions.Organization.Worklist.Questions.PrepWorklistQuestion, Amkai.MasterDomainModel",
  "PrepTypeList": null,
  "QuestionType": 21,
  "Response": 0,
  "Notes": null,
  "SurgicalSite": true,
  "PrepType": null,
  "PrepTypeString": null,
  "PrepStaff": null,
  "PrepStaffString": null,
  "Location": null,
  "LocationString": null,
  "Laterality": 0,
  "AllowedToDry": 0,
  "Timed": 0,
  "PrepStart": null,
  "DrapingApplied": null,
  "TotalTime": null,
  "PrepTypeNames": null
}