{"gem-fmrcmt-sc2584": {
    "InsuranceCreation": {
        "zip": "12345;12345;12345",
        "officeName": "VBIT;VBIT;VBIT",
        "city": "NewCity;NewCity;NewCity",
        "contactName": "Jhon;Jhon;Jhon",
        "planName": "Binsurance;Binsurance;Binsurance",
        "insuranceClassification": "Champus;Champus;Champus",
        "generateTrue": "true;true;true",
        "phone": "3102104100;3102104100;3102104100",
        "extendedZip": "0000;0000;0000",
        "insuranceName": "InsCarrier2584_1;InsCarrier2584_2;InsCarrier2584_3",
        "contractName": "",
        "state": "AZ;AZ;AZ",
        "facility": "Gem_Org021",
        "line1": "10 street greenfield;10 street greenfield;10 street greenfield"
    },
    "FeeScheduleCreation": {
        "CPTCode": "29835",
        "Username": "Gem_User21",
        "BillableStatus": "Billable",
        "Amount": "1000",
        "Facility": "Gem_Org021",
        "Password": "Test#123"
    },
    "PatientCreation": {
        "zipCode": "",
        "patientAddressDetails": "3500 Deer Creek Road,Creek Road,RESIDENTIAL,Palo Alto,AK,Texas,United States,54321,0123",
        "guarantorFirstName": "Pfnamesc1831PG;Pfnamesc1831SG_2",
        "patientEmergencyContactDetails": "",
        "opNotes": "",
        "secondaryGuarantor": "Pfnamesc1831SG_2",
        "OtherDetails": "",
        "InsurancefirstName": "",
        "equipmentName": "",
        "guarantorLastName": "Plnamesc1831PG;Plnamesc1831SG_2",
        "insuranceAdditionalDetails": "",
        "cptCode": "29835",
        "ArrivalTime": "",
        "appointmentType": "Gem_General21",
        "patientAdditionalDetails": "",
        "patientEmployerDetails": "",
        "ManufacturerName": "",
        "InsurancelastName": "",
        "preoperativedetails": "",
        "DiagnosisCode": "H44.001",
        "roomName": "RoomName_A21",
        "Units": "1",
        "primaryGuarantor": "Pfnamesc1831PG",
        "firstName": "Pfnamesc2584",
        "Amounts": "1000.0",
        "guarantorIsActive": "TRUE",
        "ImplantName": "",
        "CancelCase": "",
        "SuppliesAndInstruments": "",
        "RelationshiptoSubscriber": "Spouse;Spouse;Spouse",
        "PeriodName": "April_2017",
        "guarantorCountry": "USA",
        "lterality": "Right",
        "lastName": "Plnamesc2584",
        "preOpDiagnosisCode": "",
        "anesthesiaType": "",
        "gender": "",
        "SupplyNames": "",
        "equipmentByInventory": "",
        "Carriername": "InsCarrier2584_1;InsCarrier2584_2;InsCarrier2584_3",
        "OPmedicationtemplates": "",
        "equipmentserialNumber": "",
        "BatchName": "Charges_040705",
        "preferenceCardName": "",
        "startTime": "05:00",
        "ImplantsAndProsthesisByInventory": "",
        "Password": "Test#123",
        "procedureDt": "Today_0",
        "Recovmedicationtemplates": "",
        "equipmentnotes": "",
        "UserName": "Gem_User21",
        "OtherSuppliesDetails": "",
        "address2": "",
        "address1": "",
        "DischargeByUserName": "Gem_User21",
        "guarantorAdditionalDetails": "",
        "signInDepartment": "",
        "physicianUser": "Gem_user10",
        "patientsearchstr": "",
        "guarantorDateOfBirth": "01/01/1980",
        "Subscriberid": "",
        "patientPhoneDetails": "",
        "endTime": "05:30",
        "WorklistWithDepartment": "",
        "PreOPmedicationtemplates": "",
        "facility": "Gem_Org021"
    }
}}