<?xml version="1.0" encoding="UTF-8"?>
<!DOCTYPE suite SYSTEM "https://testng.org/testng-1.0.dtd">
<suite name="SuiteRunSeedData" parallel="tests" thread-count="5"
	data-provider-thread-count="5">
	<!-- Suite Level Parameters Will Override configFile -->
	<!-- Config File Reference For seed data -->
	<parameter name="CONFIG_FILE" value="ConfigFile.properties" />

	<!-- location of Excel With Seed Data And Test Data For Protractor Test 
		Execution -->
	<parameter name="locSeedDataExcel"
		value="seedData/seedData.xlsx" />

	<!-- List Of Seed Data Sheets In Excel File. Multiple Sheets To Be Separated 
		By Comma -->
	<parameter name="commaSeparatedSeedDataSheets"
		value="SeedData" />

	<!-- Flag To Convert Test Data Sheets Used By Protractor To JSON File. Only 
		Yes Flag Will Convert Sheets To JSON -->
	<parameter
		name="ifTestDataJsonFileToCreatedFromExcelDataSheets" value="Yes" />

	<!-- Location Of Excel With Test Data Which Will Be Converted To JSON -->
	<parameter name="locTestDataExcel"
		value="seedData/testData.xlsx" />

	<!-- location of JSON file Where JSON File Will Be Created With Test Data 
		In Excel In JSON Format -->
	<parameter name="locSeedDataJSON"
		value="seedData/testData.json" />

	<!-- location of HTML Report Where DLU Will Generate For Execution Analysis -->
	<parameter name="htmlReport" value="TestReport.html" />

	<!-- Allowed 2 options for extentTestVisibilityMode = (TestNGTestTagAsTestsAtLeft,TestNGTestMethodsAsTestAtLeft). 
		Required For HTML Report View Style -->
	<parameter name="extentTestVisibilityMode"
		value="TestNGTestMethodsAsTestAtLeft" />

	<!-- Execution On Various Environment Starts Here -->
	<test name="Env - qcautotest1ws">
		<!-- Test Level Parameters Will Override configFile -->

		<!-- Webservice End Point For Environment -->
		<parameter name="webserviceGeminiBaseURL"
			value="https://qcautotest1ws.amkaicloud.com/api" />

		<!-- Comma Separated Options For Seed Data Type - SD,SD_TOBEADDED,JIT -->
		<parameter name="seedDataType" value="SD,SD_TOBEADDED,JIT" />

		<!-- Special Seed Data Types To Handle Sequentially, As Each Entry In Spreadsheet 
			Are Dependent On Previous Entries -->
		<parameter name="seedDataTypeDependentCommaSeparated"
			value="JIT2191" />

		<!-- The Class Containing Test With Logic To Read Seed Data And Load Data 
			In SISEnterprise Databaase Using WebServices Through Self Developed WebService 
			Client -->
		<classes>
			<class name="com.test.dlu.DLUExecution" />
		</classes>
	</test>	

</suite>
